Name	Source	Destination	Phone	People	KMs	Wheelchair	Revenue	Date	
Eli Lawson	Henard	Jord	0872543589	15	3	No	24.5	2019/5/7	
Jody Barlow	Druross	Anbusa	0833543425	7	25	No	167.5	2019/5/7	
Bailey Lewis	Hane	Ontron	0853092592	5	10	Yes	70	2019/5/7	
Rene Morrison	Vloni	Slore	0938373737	3	7	No	50.5	2019/5/8	
Morgan Murphy	Niasall	Urygow	0873733737	4	30	No	200	2019/5/8	
Silver Glenn	Qiton	Pico	0893838383	8	17	Yes	115.5	2019/5/8	
Addison Campbell	Strarc	Chey	0394348343	15	45	No	297.5	2019/5/8	
Mel Jones	Droni	Xork	0938838383	1	1	Yes	11.5	2019/5/8	
Jesse Knox	Vloron	Iyodon	0938838333	4	9	No	63.5	2019/5/8	
